username,email,first_name,password
jdehmel0,jdehmel0@tuttocitta.it,Jenny Dehmel,F78PrwL
rboase1,rboase1@edublogs.org,Renado Boase,sz0VHWfAU
ilinde2,ilinde2@posterous.com,Irene Linde,fb18IXqvsO
wdaintier3,wdaintier3@comsenz.com,Waring Daintier,mW29txs7kguj
bclemintoni4,bclemintoni4@hp.com,Bambie Clemintoni,NurCYpyJUbrT
srevance5,srevance5@surveymonkey.com,Sheppard Revance,Pfz0SLxq0T
kantonescu6,kantonescu6@homestead.com,Keefe Antonescu,v2J2u8P
ccaulfield7,ccaulfield7@narod.ru,Carce Caulfield,VHL1HkAUXu6
tjanton8,tjanton8@dailymotion.com,Trista Janton,9E3jYR3H54
ntarply9,ntarply9@hud.gov,Nolly Tarply,GKPgxD
nbernardeaua,nbernardeaua@lycos.com,Nicko Bernardeau,4sZUL2SR
fhundeyb,fhundeyb@spotify.com,Fredrick Hundey,eemCy897bJE
chorneyc,chorneyc@cnbc.com,Chandra Horney,sbMBLo2A6Lu
tlabusquiered,tlabusquiered@rediff.com,Thurstan Labusquiere,Qd5EwmyOU6
smcinerneye,smcinerneye@apple.com,Sanders McInerney,EVPeSR1E7Si
rawdef,rawdef@nba.com,Reagen Awde,38gZbGj
echasemoreg,echasemoreg@mayoclinic.com,Edeline Chasemore,h7fePBeL
mkensith,mkensith@dmoz.org,Mozelle Kensit,A9gcSV
echampnessi,echampnessi@marriott.com,Emanuel Champness,Mqn3m0rEj
rloughmanj,rloughmanj@hhs.gov,Roderigo Loughman,kLuJW2uBvq
ccoadek,ccoadek@plala.or.jp,Correna Coade,mkMX40CbF4O
mcalvenl,mcalvenl@independent.co.uk,Mildred Calven,TAYOmQD7FiO
bmillanm,bmillanm@cbsnews.com,Bevan Millan,hFLx3O
tmarchamn,tmarchamn@stanford.edu,Tracy Marcham,ysCoqmi
dcraiggo,dcraiggo@mapy.cz,Devondra Craigg,Om5Xjy2Y
sdasentp,sdasentp@wikimedia.org,Sadella Dasent,2axIsKNzoh
lkemeryq,lkemeryq@g.co,Lia Kemery,9rjjxE
obuttingr,obuttingr@hc360.com,Oberon Butting,s9o0CK23M0
gnoldas,gnoldas@weibo.com,Greggory Nolda,giDNlr9DU
fpurryt,fpurryt@phpbb.com,Filia Purry,mbMipsv4aP
